,Train_MSE,Test_MSE
0,0.6132282663085784,0.44423683588074725
1,0.6673679455324297,0.4194594316318602
2,0.6586385846905944,0.43961571399755855
3,0.6638127036576944,0.46729474348983907
4,0.6443364696928414,0.4355969375724332
5,0.6025449037955493,0.40551786938953727
6,0.6231310446315381,0.3985342830846279
7,0.6247233039604952,0.4417357761437296
8,0.6150581507621538,0.45368870238730474
9,0.5922920328035358,0.4699749982956212
